resize_factor,frozen_epochs,unfrozen_epochs,base_lower_bound,erosion_dilation_kernel_size,ratio_split_lower_bound,iou,wrong_count
2.0,7.0,4.0,15.0,20.0,0.4,0.9738431329925388,0.0
2.0,7.0,4.0,5.0,20.0,0.4,0.9691668002222051,1.0
2.0,7.0,4.0,15.0,20.0,0.4,0.9718590978614746,1.0
2.0,4.0,7.0,15.0,20.0,0.4,0.9682937877220377,1.0
2.0,7.0,4.0,10.0,20.0,0.4,0.9726389288471288,0.0
