resize_factor,frozen_epochs,unfrozen_epochs,base_lower_bound,erosion_dilation_kernel_size,ratio_split_lower_bound,iou,wrong_count
2.0,7.0,7.0,15.0,20.0,0.4,0.9669327882307788,0.0
2.0,7.0,7.0,5.0,20.0,0.4,0.9718308578921185,3.0
2.0,4.0,7.0,5.0,50.0,0.4,0.962014833782252,4.0
2.0,7.0,7.0,5.0,80.0,0.4,0.9713662721821655,0.0
2.0,7.0,4.0,15.0,20.0,0.4,0.9420701158053942,1.0
