resize_factor,frozen_epochs,unfrozen_epochs,base_lower_bound,erosion_dilation_kernel_size,ratio_split_lower_bound,iou,wrong_count
8.0,4.0,7.0,15.0,20.0,0.4,0.9263939825163966,0.0
8.0,4.0,7.0,15.0,20.0,0.4,0.9158376585862346,20.0
8.0,4.0,4.0,5.0,50.0,0.5,0.9293924358518617,3.0
8.0,7.0,4.0,15.0,20.0,0.4,0.9078024744788277,1.0
8.0,7.0,7.0,15.0,20.0,0.4,0.8949293494267355,15.0