resize_factor,frozen_epochs,unfrozen_epochs,base_lower_bound,erosion_dilation_kernel_size,ratio_split_lower_bound,iou,wrong_count
2.0,7.0,7.0,7.0,80.0,0.4,0.956328195375934,2.0
2.0,7.0,7.0,5.0,80.0,0.4,0.9664940540298066,4.0
2.0,4.0,7.0,15.0,20.0,0.4,0.974462845387432,1.0
2.0,7.0,7.0,15.0,20.0,0.4,0.9638633143623584,0.0
2.0,7.0,4.0,5.0,20.0,0.4,0.9630970709225442,3.0
